{
    "prototypes": [
        {
            "name": "MappingCar"
        },
        {
            "name": "Bike",
            "weight": 0.8,
            "applications": [ "org.eclipse.mosaic.app.tutorial.eventprocessing.sampling.HelloWorldApp" ]
        },
        {
            "name": "DEFAULT_VEHTYPE",
            "applications": [ "org.eclipse.mosaic.app.tutorial.eventprocessing.sampling.HelloWorldApp" ]
        },
        {
            "name": "Bus",
            "applications": [ "org.eclipse.mosaic.app.tutorial.eventprocessing.sampling.HelloWorldApp" ]
        }
    ],
    "typeDistributions": {
        "Bus": [
            {
                "name": "Bus",
                "weight": 0.4
            },
            {
                "name": "Bus",
                "weight": 0.6,
                "applications": [ ]
            }
        ]
    },
    "vehicles": [
        {
            "startingTime": "10.0 s",
            "route": "3",
            "targetFlow": 1200,
            "maxNumberVehicles": 3,
            "lanes": [ 1, 2 ],
            "types": [
                {
                    "name": "MappingCar",
                    "applications": [ "org.eclipse.mosaic.app.tutorial.eventprocessing.sampling.HelloWorldApp" ]
                }
            ]
        }
    ]
}
