{
    "regions": [
        {
            "id": "tuberlin",
            "area": {
                "nw": { "lon": 13.3249, "lat": 52.5131 },
                "se": { "lon": 13.3273, "lat": 52.5125 }
            },
            "uplink": {
                "delay": {
                    "type": "SimpleRandomDelay",
                    "steps": 4,
                    "minDelay": "50 ms",
                    "maxDelay": "200 ms"
                },
                "transmission": {
                    "lossProbability": 0.8,
                    "maxRetries": 2
                },
                "capacity": 28000000
            },
            "downlink": {
                "unicast": {
                    "delay": {
                        "type": "SimpleRandomDelay",
                        "steps": 3,
                        "minDelay": "100 ms",
                        "maxDelay": "200 ms"
                    },
                    "transmission": {
                        "lossProbability": 0.8,
                        "maxRetries": 2
                    }
                },
                "multicast": {
                    "delay": {
                        "type": "SimpleRandomDelay",
                        "steps": 3,
                        "minDelay": "120 ms",
                        "maxDelay": "220 ms"
                    },
                    "transmission": {
                        "lossProbability": 0.8
                    },
                    "usableCapacity": 0.6
                },
                "capacity": 42200000
            }
        }
    ]
}