﻿<?xml version="1.0" encoding="UTF-8"?>
<!-- file version: 2013-11-26 -->
<configuration xmlns:xsi="http://www.w3.org/2001/XMLSchema-instance"
               xsi:noNamespaceSchemaLocation="http://www.dcaiti.tu-berlin.de/research/simulation/download/get/scenarios/scenarioname/visualizer/visualizer_config.xsd">

    <output id="websocket" enabled="true" loader="org.eclipse.mosaic.fed.output.generator.websocket.WebsocketVisualizerLoader">
        <synchronized>true</synchronized>
        <port>46587</port>
        <subscriptions>
            <subscription id="VehicleUpdates" enabled="true"/>
            <subscription id="V2xMessageReception" enabled="true"/>
            <subscription id="V2xMessageTransmission" enabled="true"/>
            <subscription id="ReceiveCellMessage" enabled="false"/>
            <subscription id="SendCellMessage" enabled="false"/>
            <subscription id="VehicleRegistration" enabled="true"/>
            <subscription id="RsuRegistration" enabled="true"/>
            <subscription id="TrafficLightRegistration" enabled="false"/>
            <subscription id="ChargingStationRegistration" enabled="false"/>
            <subscription id="ChargingStationUpdate" enabled="false"/>
        </subscriptions>
    </output>

</configuration>

