{
    "simulation": {
        "id": "Tiergarten",
        "duration": "180s",
        "randomSeed": 268965854,
        "projection": {
            "centerCoordinates": {
                "latitude": 52.0,
                "longitude": 13.0
            },
            "cartesianOffset": {
                "x": -385769.05,
                "y": -5819239.15
            }
        },
        "network": {
            "netMask": "255.255.0.0",
            "vehicleNet": "10.1.0.0",
            "rsuNet": "10.2.0.0",
            "tlNet": "10.3.0.0",
            "csNet": "10.4.0.0",
            "serverNet": "10.5.0.0",
            "tmcNet": "10.6.0.0"
        }
    },
    "federates": {
        "application": true,
        "cell": false,
        "environment": true,
        "sns": true,
        "ns3": false,
        "omnetpp": false,
        "output": true,
        "sumo": true
    }
}
