﻿<?xml version="1.0" encoding="UTF-8"?>
<!-- file version: 2013-11-26 -->
<configuration xmlns:xsi="http://www.w3.org/2001/XMLSchema-instance"
               xsi:noNamespaceSchemaLocation="http://www.dcaiti.tu-berlin.de/research/simulation/download/get/scenarios/scenarioname/visualizer/visualizer_config.xsd">

    <output id="fileoutput" enabled="true" update="5" loader="org.eclipse.mosaic.fed.output.generator.file.FileOutputLoader">
        <filename>output.csv</filename>
        <directory>.</directory>
        <separator>;</separator>
        <decimalSeparator>.</decimalSeparator>
        <subscriptions>
            <subscription id="VehicleUpdates">
                <entries>
                    <entry>"VEHICLE_UPDATES"</entry>
                    <entry>Time</entry>
                    <entry>Updated:Name</entry>
                    <entry>Updated:Position.Latitude</entry>
                    <entry>Updated:Position.Longitude</entry>
                    <entry>Updated:Speed</entry>
                    <entry>Updated:Heading</entry>
                </entries>
            </subscription>
            <subscription id="V2xMessageReception">
                <entries>
                    <entry>"V2X_MESSAGE_RECEPTION"</entry>
                    <entry>Time</entry>
                    <entry>MessageId</entry>
                    <entry>ReceiverName</entry>
                    <entry>Type</entry>
                </entries>
            </subscription>
            <subscription id="V2xMessageTransmission">
                <entries>
                    <entry>"V2X_MESSAGE_TRANSMISSION"</entry>
                    <entry>Time</entry>
                    <entry>MessageId</entry>
                    <entry>SourceName</entry>
                    <entry>Type</entry>
                    <!-- <entry>Destination.Position.Latitude</entry> -->
                    <!-- <entry>Destination.Position.Longitude</entry> -->
                    <!-- <entry>Destination.Radius</entry> -->
                </entries>
            </subscription>
            <subscription id="VehicleRegistration" enabled="true">
                <entries>
                    <entry>"VEHICLE_REGISTRATION"</entry>
                    <entry>Time</entry>
                    <entry>Mapping.Name</entry>
                    <entry>Mapping.Applications</entry>
                    <entry>Mapping.VehicleType.Name</entry>
                </entries>
            </subscription>
            <subscription id="TrafficLightRegistration">
                <entries>
                    <entry>"TRAFFICLIGHT_REGISTRATION"</entry>
                    <entry>Time</entry>
                    <entry>Mapping.Name</entry>
                    <entry>Mapping.Applications</entry>
                    <entry>TrafficLightGroup.FirstPosition.Latitude</entry>
                    <entry>TrafficLightGroup.FirstPosition.Longitude</entry>
                </entries>
            </subscription>
            <subscription id="RsuRegistration">
                <entries>
                    <entry>"RSU_REGISTRATION"</entry>
                    <entry>Time</entry>
                    <entry>Mapping.Name</entry>
                    <entry>Mapping.Applications</entry>
                    <entry>Mapping.Position.Latitude</entry>
                    <entry>Mapping.Position.Longitude</entry>
                </entries>
            </subscription>
        </subscriptions>
    </output>

    <output id="websocket" enabled="true" loader="org.eclipse.mosaic.fed.output.generator.websocket.WebsocketVisualizerLoader">
        <synchronized>true</synchronized>
        <port>46587</port>
        <subscriptions>
            <subscription id="VehicleUpdates" enabled="true"/>
            <subscription id="V2xMessageReception" enabled="true"/>
            <subscription id="V2xMessageTransmission" enabled="true"/>
            <subscription id="VehicleRegistration" enabled="true"/>
            <subscription id="RsuRegistration" enabled="true"/>
        </subscriptions>
    </output>

</configuration>

