{
    "adhocTransmissionModel": {
        "type": "SimpleAdhocTransmissionModel",
        "simpleMultihopDelay": {
            "type": "GammaRandomDelay",
            "minDelay": "10 ms",
            "expDelay": "30 ms"
        },
        "simpleMultihopTransmission": {
            "lossProbability": 0.0,
            "maxRetries": 2
        }
    },
    "singlehopDelay": {
        "type": "SimpleRandomDelay",
        "steps": 5,
        "minDelay": "0.4 ms",
        "maxDelay": "2.4 ms"
    },
    "singlehopTransmission": {
        "lossProbability": 0.0,
        "maxRetries": 0
    }
}
