<?xml version="1.0" encoding="UTF-8"?>
<configuration>
    <output id="file" enabled="true" update="5" loader="org.eclipse.mosaic.fed.output.generator.file.FileOutputLoader">
        <filename>output.csv</filename>
        <directory>.</directory>
        <separator>;</separator>
        <decimalSeparator>.</decimalSeparator>
        <subscriptions>
            <subscription id="VehicleUpdates">
                <entries>
                    <entry>"VEHICLE_UPDATES"</entry>
                    <entry>Time</entry>
                    <entry>Updated:Name</entry>
                    <entry>Updated:Position.Latitude</entry>
                    <entry>Updated:Position.Longitude</entry>
                    <entry>Updated:Speed</entry>
                    <entry>Updated:Heading</entry>
                </entries>
            </subscription>
            <subscription id="VehicleRegistration" enabled="true">
                <entries>
                    <entry>"VEHICLE_REGISTRATION"</entry>
                    <entry>Time</entry>
                    <entry>Mapping.Name</entry>
                    <entry>Mapping.Applications</entry>
                    <entry>Mapping.VehicleType.Name</entry>
                </entries>
            </subscription>
        </subscriptions>
    </output>

    <output id="websocket" enabled="true" loader="org.eclipse.mosaic.fed.output.generator.websocket.WebsocketVisualizerLoader">
        <synchronized>true</synchronized>
        <port>46587</port>
        <subscriptions>
            <subscription id="VehicleUpdates" enabled="true"/>
            <subscription id="V2xMessageReception" enabled="true"/>
            <subscription id="V2xMessageTransmission" enabled="true"/>
            <subscription id="VehicleRegistration" enabled="true"/>
            <subscription id="RsuRegistration" enabled="true"/>
        </subscriptions>
    </output>
</configuration>